{
  "inputs": {
    "dna_groups_csv": "data/enrichment/full_url_dna_database_with_groups.csv",
    "fetched_dir": "data/fetched_content",
    "types": [
      "listicle",
      "product_page"
    ]
  },
  "buckets": {
    "all::listicle": {
      "total_pages": 2207,
      "pages_with_raw": 2200,
      "coverage_pct": 99.68282736746715,
      "bytes": {
        "n": 2200,
        "mean": 18091.99818181818,
        "p25": 9727.0,
        "median": 14645.0,
        "p75": 21592.0,
        "p95": 38351.0
      },
      "words": {
        "n": 2200,
        "mean": 2559.5195454545456,
        "p25": 1361.0,
        "median": 2094.0,
        "p75": 3153.0,
        "p95": 5733.0
      }
    },
    "all::product_page": {
      "total_pages": 1851,
      "pages_with_raw": 1808,
      "coverage_pct": 97.67693138843867,
      "bytes": {
        "n": 1808,
        "mean": 7976.165376106194,
        "p25": 4190.0,
        "median": 6593.0,
        "p75": 9911.0,
        "p95": 18899.0
      },
      "words": {
        "n": 1808,
        "mean": 1089.9723451327434,
        "p25": 553.0,
        "median": 927.0,
        "p75": 1387.0,
        "p95": 2670.0
      }
    },
    "cited_any::listicle": {
      "total_pages": 1190,
      "pages_with_raw": 1184,
      "coverage_pct": 99.49579831932773,
      "bytes": {
        "n": 1184,
        "mean": 19757.151182432433,
        "p25": 10225.0,
        "median": 15343.0,
        "p75": 22892.0,
        "p95": 40572.0
      },
      "words": {
        "n": 1184,
        "mean": 2758.760135135135,
        "p25": 1404.0,
        "median": 2182.0,
        "p75": 3368.0,
        "p95": 6062.0
      }
    },
    "cited_any::product_page": {
      "total_pages": 1094,
      "pages_with_raw": 1051,
      "coverage_pct": 96.06946983546618,
      "bytes": {
        "n": 1051,
        "mean": 7832.867745004757,
        "p25": 4196.0,
        "median": 6563.0,
        "p75": 9557.0,
        "p95": 18354.0
      },
      "words": {
        "n": 1051,
        "mean": 1071.0694576593721,
        "p25": 563.0,
        "median": 925.0,
        "p75": 1362.0,
        "p95": 2588.0
      }
    },
    "cited_gemini::listicle": {
      "total_pages": 374,
      "pages_with_raw": 374,
      "coverage_pct": 100.0,
      "bytes": {
        "n": 374,
        "mean": 18347.788770053477,
        "p25": 9996.0,
        "median": 15138.0,
        "p75": 23181.0,
        "p95": 38392.0
      },
      "words": {
        "n": 374,
        "mean": 2724.620320855615,
        "p25": 1432.0,
        "median": 2200.0,
        "p75": 3508.0,
        "p95": 5860.0
      }
    },
    "cited_gemini::product_page": {
      "total_pages": 191,
      "pages_with_raw": 150,
      "coverage_pct": 78.53403141361257,
      "bytes": {
        "n": 150,
        "mean": 8644.293333333333,
        "p25": 5322.0,
        "median": 7294.0,
        "p75": 9674.0,
        "p95": 21086.0
      },
      "words": {
        "n": 150,
        "mean": 1264.74,
        "p25": 753.0,
        "median": 1085.0,
        "p75": 1520.0,
        "p95": 2920.0
      }
    },
    "cited_gpt::listicle": {
      "total_pages": 986,
      "pages_with_raw": 980,
      "coverage_pct": 99.39148073022312,
      "bytes": {
        "n": 980,
        "mean": 20462.985714285714,
        "p25": 10624.0,
        "median": 15959.0,
        "p75": 23228.0,
        "p95": 41537.0
      },
      "words": {
        "n": 980,
        "mean": 2824.8367346938776,
        "p25": 1443.0,
        "median": 2272.0,
        "p75": 3427.0,
        "p95": 6154.0
      }
    },
    "cited_gpt::product_page": {
      "total_pages": 1020,
      "pages_with_raw": 1003,
      "coverage_pct": 98.33333333333333,
      "bytes": {
        "n": 1003,
        "mean": 7777.812562313061,
        "p25": 4144.0,
        "median": 6528.0,
        "p75": 9510.0,
        "p95": 18200.0
      },
      "words": {
        "n": 1003,
        "mean": 1060.775672981057,
        "p25": 552.0,
        "median": 912.0,
        "p75": 1362.0,
        "p95": 2525.0
      }
    },
    "in_gemini_top10::listicle": {
      "total_pages": 1059,
      "pages_with_raw": 1058,
      "coverage_pct": 99.90557129367328,
      "bytes": {
        "n": 1058,
        "mean": 17915.40170132325,
        "p25": 10058.0,
        "median": 14799.0,
        "p75": 22249.0,
        "p95": 38468.0
      },
      "words": {
        "n": 1058,
        "mean": 2642.82797731569,
        "p25": 1451.0,
        "median": 2183.0,
        "p75": 3269.0,
        "p95": 5937.0
      }
    },
    "in_gemini_top10::product_page": {
      "total_pages": 604,
      "pages_with_raw": 577,
      "coverage_pct": 95.52980132450331,
      "bytes": {
        "n": 577,
        "mean": 8027.918544194107,
        "p25": 4691.0,
        "median": 6629.0,
        "p75": 9952.0,
        "p95": 19253.0
      },
      "words": {
        "n": 577,
        "mean": 1171.8717504332756,
        "p25": 673.0,
        "median": 982.0,
        "p75": 1463.0,
        "p95": 2812.0
      }
    },
    "in_gpt_enterprise_p1::listicle": {
      "total_pages": 524,
      "pages_with_raw": 522,
      "coverage_pct": 99.61832061068702,
      "bytes": {
        "n": 522,
        "mean": 18322.99233716475,
        "p25": 10103.0,
        "median": 15149.0,
        "p75": 22691.0,
        "p95": 40416.0
      },
      "words": {
        "n": 522,
        "mean": 2522.950191570881,
        "p25": 1311.0,
        "median": 2069.0,
        "p75": 3235.0,
        "p95": 6167.0
      }
    },
    "in_gpt_enterprise_p1::product_page": {
      "total_pages": 692,
      "pages_with_raw": 682,
      "coverage_pct": 98.55491329479769,
      "bytes": {
        "n": 682,
        "mean": 7768.5703812316715,
        "p25": 3931.0,
        "median": 6454.0,
        "p75": 9456.0,
        "p95": 18366.0
      },
      "words": {
        "n": 682,
        "mean": 1026.782991202346,
        "p25": 503.0,
        "median": 895.0,
        "p75": 1301.0,
        "p95": 2519.0
      }
    },
    "in_gpt_personal_top10::listicle": {
      "total_pages": 731,
      "pages_with_raw": 729,
      "coverage_pct": 99.72640218878249,
      "bytes": {
        "n": 729,
        "mean": 18188.455418381345,
        "p25": 10325.0,
        "median": 15623.0,
        "p75": 22501.0,
        "p95": 37930.0
      },
      "words": {
        "n": 729,
        "mean": 2672.5048010973937,
        "p25": 1478.0,
        "median": 2287.0,
        "p75": 3269.0,
        "p95": 5733.0
      }
    },
    "in_gpt_personal_top10::product_page": {
      "total_pages": 780,
      "pages_with_raw": 760,
      "coverage_pct": 97.43589743589743,
      "bytes": {
        "n": 760,
        "mean": 8441.698684210527,
        "p25": 4713.0,
        "median": 6960.0,
        "p75": 10388.0,
        "p95": 19591.0
      },
      "words": {
        "n": 760,
        "mean": 1187.178947368421,
        "p25": 680.0,
        "median": 996.0,
        "p75": 1511.0,
        "p95": 2812.0
      }
    },
    "menu_any::listicle": {
      "total_pages": 1779,
      "pages_with_raw": 1775,
      "coverage_pct": 99.77515458122541,
      "bytes": {
        "n": 1775,
        "mean": 17654.515492957747,
        "p25": 9867.0,
        "median": 14747.0,
        "p75": 21802.0,
        "p95": 38554.0
      },
      "words": {
        "n": 1775,
        "mean": 2537.162253521127,
        "p25": 1394.0,
        "median": 2111.0,
        "p75": 3163.0,
        "p95": 5754.0
      }
    },
    "menu_any::product_page": {
      "total_pages": 1488,
      "pages_with_raw": 1458,
      "coverage_pct": 97.98387096774194,
      "bytes": {
        "n": 1458,
        "mean": 8060.6927297668035,
        "p25": 4290.0,
        "median": 6614.0,
        "p75": 9988.0,
        "p95": 19230.0
      },
      "words": {
        "n": 1458,
        "mean": 1109.7791495198903,
        "p25": 566.0,
        "median": 930.0,
        "p75": 1412.0,
        "p95": 2702.0
      }
    }
  }
}